{
    "comparison": {
        "Accuracy": {
            "Naive Bayes (BoW)": 0.7853496525001538,
            "Naive Bayes (TF-IDF)": 0.7311027738483301,
            "SVM (TF-IDF)": 0.9391721508087828,
            "SVM (Word2Vec)": 0.5805400086106156,
            "Logistic Regression": 0.9240728212067163,
            "Random Forest": 0.6288517128974722,
            "CNN": 0.9388646288209607
        },
        "Precision": {
            "Naive Bayes (BoW)": 0.7910666255309365,
            "Naive Bayes (TF-IDF)": 0.7778091652173721,
            "SVM (TF-IDF)": 0.9387976229371547,
            "SVM (Word2Vec)": 0.5664445743313494,
            "Logistic Regression": 0.9238137049136389,
            "Random Forest": 0.6329098833107497,
            "CNN": 0.9400170502992378
        },
        "Recall": {
            "Naive Bayes (BoW)": 0.7853496525001538,
            "Naive Bayes (TF-IDF)": 0.7311027738483301,
            "SVM (TF-IDF)": 0.9391721508087828,
            "SVM (Word2Vec)": 0.5805400086106156,
            "Logistic Regression": 0.9240728212067163,
            "Random Forest": 0.6288517128974722,
            "CNN": 0.9388646288209607
        },
        "F1-Score": {
            "Naive Bayes (BoW)": 0.7855370490868226,
            "Naive Bayes (TF-IDF)": 0.7175133058441248,
            "SVM (TF-IDF)": 0.9387785248887066,
            "SVM (Word2Vec)": 0.5629684803991925,
            "Logistic Regression": 0.9232166115041963,
            "Random Forest": 0.6004747273234631,
            "CNN": 0.93910471719648
        }
    },
    "best_model": "CNN",
    "best_f1": 0.93910471719648,
    "all_results": {
        "Naive Bayes (BoW)": {
            "accuracy": 0.7853496525001538,
            "precision": 0.7910666255309365,
            "recall": 0.7853496525001538,
            "f1": 0.7855370490868226,
            "confusion_matrix": [
                [
                    5203,
                    544,
                    1353
                ],
                [
                    782,
                    8076,
                    2124
                ],
                [
                    1507,
                    670,
                    12259
                ]
            ]
        },
        "Naive Bayes (TF-IDF)": {
            "accuracy": 0.7311027738483301,
            "precision": 0.7778091652173721,
            "recall": 0.7311027738483301,
            "f1": 0.7175133058441248,
            "confusion_matrix": [
                [
                    2941,
                    623,
                    3536
                ],
                [
                    117,
                    7127,
                    3738
                ],
                [
                    200,
                    530,
                    13706
                ]
            ]
        },
        "SVM (TF-IDF)": {
            "accuracy": 0.9391721508087828,
            "precision": 0.9387976229371547,
            "recall": 0.9391721508087828,
            "f1": 0.9387785248887066,
            "confusion_matrix": [
                [
                    6147,
                    299,
                    654
                ],
                [
                    142,
                    10685,
                    155
                ],
                [
                    433,
                    295,
                    13708
                ]
            ]
        },
        "SVM (Word2Vec)": {
            "accuracy": 0.5805400086106156,
            "precision": 0.5664445743313494,
            "recall": 0.5805400086106156,
            "f1": 0.5629684803991925,
            "confusion_matrix": [
                [
                    1721,
                    1930,
                    3449
                ],
                [
                    935,
                    6605,
                    3442
                ],
                [
                    1022,
                    2862,
                    10552
                ]
            ]
        },
        "Logistic Regression": {
            "accuracy": 0.9240728212067163,
            "precision": 0.9238137049136389,
            "recall": 0.9240728212067163,
            "f1": 0.9232166115041963,
            "confusion_matrix": [
                [
                    5830,
                    503,
                    767
                ],
                [
                    136,
                    10682,
                    164
                ],
                [
                    460,
                    439,
                    13537
                ]
            ]
        },
        "Random Forest": {
            "accuracy": 0.6288517128974722,
            "precision": 0.6329098833107497,
            "recall": 0.6288517128974722,
            "f1": 0.6004747273234631,
            "confusion_matrix": [
                [
                    1453,
                    1504,
                    4143
                ],
                [
                    316,
                    7391,
                    3275
                ],
                [
                    502,
                    2329,
                    11605
                ]
            ]
        },
        "CNN": {
            "accuracy": 0.9388646288209607,
            "precision": 0.9400170502992378,
            "recall": 0.9388646288209607,
            "f1": 0.93910471719648,
            "confusion_matrix": [
                [
                    6479,
                    275,
                    346
                ],
                [
                    168,
                    10683,
                    131
                ],
                [
                    809,
                    259,
                    13368
                ]
            ]
        }
    }
}